"","Df","SumSq","MeanSq","FValue","Pr"
"Department",2,106439865.621158,53219932.810579,2.39605616079235,0.0914407288026194
"Residuals",1435,31873461412.4929,22211471.3675909,NA,NA
